noun,hyp-1,hyp-2,hyp-3
window,framework,supporting structure,structure
tree,woody plant,vascular plant,plant
man,adult,person
shirt,garment,clothing
wall,partition,structure
building,structure
sign,structure
pole,rod,implement
car,motor vehicle,wheeled vehicle,vehicle
woman,adult,person
table,furniture
shoe,footwear,covering
wheel,machine,mechanism,device
door,barrier,obstruction,structure
pant,sound,happening,event
flower,angiosperm,vascular plant,plant
water,chemical
chair,seat,furniture
fence,barrier,obstruction,structure
floor,horizontal surface,surface
jacket,coat,garment,clothing
hat,headdress,clothing
tail,body part,thing
bush,woody plant,vascular plant,plant
road,way
bag,container
sidewalk,walk,path,way
helmet,plate,shield,covering
tire,hoop,band,strip
boy,male,person
roof,protective covering,covering
umbrella,shelter,protective covering,covering
bottle,vessel,container
boat,vessel,craft,vehicle
branch,stalk
jean,fabric
cap,headdress,clothing
bird,vertebrate,animal
banana,fruit
girl,woman,adult,person
box,container
mirror,reflector,device
bench,seat,furniture
field,geographical area,region,location
picture,illustration,artwork
pillow,cushion,padding
book,work,product,creation
glove,baseball equipment,sports equipment,equipment
shelf,support,device
clock,measuring instrument,instrument,device
bowl,vessel,container
trunk,stalk
horse,equine,mammal,animal
wing,organ,body part,thing
bus,public transport,conveyance
train,public transport,conveyance
kite,check,draft,writing
sock,hosiery,footwear,clothing
airplane,aircraft,craft,vehicle
elephant,mammal,vertebrate,animal
house,building,structure
lamp,source of illumination,device
coat,overgarment,garment,clothing
cabinet,furniture
cup,container
cow,cattle,mammal,animal
dog,canine,mammal,animal
finger,external body part,body part,thing
wire,ligament,attachment,connection
giraffe,mammal,vertebrate,animal
flag,emblem,design,decoration
mountain,natural elevation,geological formation
seat,space,area,region
counter,table,furniture
sheep,mammal,vertebrate,animal
street light,lamp,source of illumination,device
ski,runner,device
zebra,equine,mammal,animal
hill,natural elevation,geological formation
truck,motor vehicle,wheeled vehicle,vehicle
bike,motor vehicle,wheeled vehicle,vehicle
child,juvenile,person
ball,game equipment,equipment
racket,sound,happening,event
skateboard,board,sheet
ceiling,upper surface,side,surface
player,contestant,person
motorcycle,motor vehicle,wheeled vehicle,vehicle
surfboard,board,sheet
towel,piece of cloth,fabric
sand,soil,earth
paw,animal foot,body part,thing
frame,framework,supporting structure,structure
curtain,blind,protective covering,covering
windshield,screen,protective covering,covering
horn,noisemaker,device
cat,feline,mammal,animal
boot,footwear,covering
bed,bedroom furniture,furniture
sink,plumbing fixture,fixture
donut,cake,baked goods,food
tie,neckwear,garment,clothing
traffic light,light,visual signal,signal
pizza,dish,food
sticker,plant process,body part,thing
orange,citrus,fruit
backpack,bag,container
apple,fruit
basket,container
collar,band,strip
drawer,container
lid,top,covering
vase,jar,vessel,container
cord,line
pot,kitchen utensil,utensil,implement
phone,electronic equipment,equipment
fork,cutlery,ware,article
uniform,clothing
vehicle,conveyance
laptop,personal computer,computer,machine
lady,woman,adult,person
tomato,vegetable,produce,food
bear,mammal,vertebrate,animal
license plate,plate,sheet
cheese,dairy product,food
fur,animal skin,animal product
carrot,root
beach,geological formation
tower,structure
vegetable,produce,food
desk,table,furniture
knife,edge tool,tool,implement
napkin,table linen,linen,white goods
toilet,room,area,structure
dress,woman's clothing,clothing
blanket,bedclothes,cloth covering,covering
faucet,control,mechanism,device
screen,surface
keyboard,device
cell phone,call,transfer,move
watch,measuring instrument,instrument,device
arrow,mark,symbol,signal
bicycle,wheeled vehicle,vehicle,conveyance
sneaker,shoe,footwear,covering
broccoli,vegetable,produce,food
guy,man,adult,person
ocean,body of water,thing
t-shirt,American state,state,district
pipe,tube,passage,way
cake,block
bread,baked goods,food
sweater,garment,clothing
stick,implement
room,area,structure
couch,seat,furniture
frisbee,circle,mechanism,device
camera,photographic equipment,equipment
trash can,bin,container
paint,coating,covering
rope,line
tray,receptacle,container
tile,slab,block
belt,loop,line,shape
television,set,electronic equipment,equipment
suit,garment,clothing
spoon,container
bathroom,room,area,structure
pepper,true pepper,vine,plant
candle,lamp,source of illumination,device
onion,bulb,stalk
sauce,condiment,ingredient,food
ring,sound,sound property,property
meat,food
brick,building material
van,recreational vehicle,wheeled vehicle,vehicle
vest,garment,clothing
computer,machine,device
bridge,structure
goggles,optical instrument,instrument,device
gravel,rock
platform,horizontal surface,surface
label,description,speech act,event
pavement,paved surface,horizontal surface,surface
beak,structure,body part,thing
refrigerator,white goods,home appliance,appliance
wetsuit,garment,clothing
balcony,structure
carpet,floor cover,covering
tree trunk,stalk
skirt,cloth covering,covering
suitcase,baggage,case,container
palm tree,tree,woody plant,plant
fire hydrant,tube,passage,way
pocket,pouch,bag,container
spectator,perceiver,person
kitchen,room,area,structure
jersey,American state,state,district
dish,container
remote control,device
can,container
shore,geological formation
rug,floor cover,covering
outlet,establishment,structure
star,celestial body
computer mouse,electronic device,device
bracelet,band,strip
clothes,clothing
street sign,sign
snowboard,board,sheet
stair,support,device
scarf,garment,clothing
gate,barrier,obstruction,structure
graffiti,decoration
purse,container
luggage,case,container
beard,hair,body covering,covering
necklace,jewelry,adornment,decoration
sandwich,snack food,dish,food
wristband,band,strip
parking lot,lot,region,location
park,geographical area,region,location
blind,people,group
wine,alcohol,beverage,food
doorway,entrance,access,way
sandal,shoe,footwear,covering
path,action,event
skier,athlete,contestant,person
men,adult,person
monitor,monitor,display,device
crust,layer,region,location
stove,kitchen appliance,home appliance,appliance
cable,telegram,message
weed,vascular plant,plant
chimney,conduit,passage,way
pen,writing implement,implement
topping,garnish,decoration
jar,vessel,container
home plate,base,sports equipment,equipment
fan,device
tent,shelter,structure
cart,wagon,wheeled vehicle,vehicle
catcher,athlete,contestant,person
trash,waste
outfit,organization,social group,group
painting,graphic art,art,creation
forest,vegetation,group
bathtub,vessel,container
eye glasses,optical instrument,instrument,device
countertop,tabletop,work surface,surface
oven,kitchen appliance,home appliance,appliance
earring,jewelry,adornment,decoration
pine tree,tree,woody plant,plant
lettuce,money,standard,measure
city,district,region,location
walkway,path,way
sheet,space,shape,attribute
olive,fruit
dock,enclosure,area,structure
pan,kitchen utensil,utensil,implement
cockpit,room,area,structure
bun,bread,baked goods,food
poster,sign
light switch,control,mechanism,device
hot dog,unpleasant person,unwelcome person,person
frosting,topping,garnish,decoration
bucket,vessel,container
pepperoni,sausage,meat,food
crowd,gathering,social group,group
propeller,mechanical device,mechanism,device
liquid,fluid
tablecloth,table linen,linen,white goods
store,establishment,structure
mushroom,vegetable,produce,food
runway,bar,implement
train car,wheeled vehicle,vehicle,conveyance
potato,vegetable,produce,food
teddy bear,plaything
baby,child,relative,person
microwave,electromagnetic radiation,radiation,energy
headband,band,strip
utensil,implement
headboard,panel,sheet
straw,plant fiber,natural fiber,fiber
stop sign,street sign,sign
skin,body covering,covering
egg,ovum,reproductive cell,cell
display,demonstration
couple,building,people,group
ladder,stairs,stairway,way
power lines,cable,conductor,device
tennis ball,ball,game equipment,equipment
burner,heating element,component
grill,framework,supporting structure,structure
umpire,official,adjudicator,person
brush,vegetation,group
tongue,organ,body part,thing
game,event
smoke,aerosol,cloud
canopy,covering
grape,fruit
magnet,device
river,stream,body of water,thing
taxi,car,motor vehicle,vehicle
chicken,bird,meat,food
drain,change,action,event
mask,covering
american flag,flag,design,decoration
mug,containerful,indefinite quantity,measure
strawberry,berry,fruit
batter,athlete,contestant,person
wine glass,glass,container
suv,car,motor vehicle,vehicle
tank top,shirt,garment,clothing
scissors,lever,bar,implement
barrier,obstruction,structure
planter,pot,container
drink,food
cross,emblem,design,decoration
duck,aquatic bird,bird,animal
baseball,field game,game,event
mat,floor cover,covering
telephone pole,post,support,device
crosswalk,path,way
toilet paper,tissue,paper
hay,fodder,feed,food
twig,branch,stalk
tape,strip
hillside,slope,geological formation
surfer,swimmer,traveler,person
station,facility
passenger,traveler,person
mustache,hair,body covering,covering
pond,lake,body of water,thing
sofa,seat,furniture
balloon,aircraft,craft,vehicle
crate,box,container
toothbrush,brush,implement
pitcher,athlete,contestant,person
rose,woody plant,vascular plant,plant
spice,preservative,chemical
baseball bat,baseball equipment,sports equipment,equipment
moss,bryophyte,nonvascular organism
apron,protective garment,clothing
airport,airfield,facility
light bulb,electric lamp,lamp,device
lemon,citrus,fruit
cupcake,cake,baked goods,food
magazine,press,print media,medium
light fixture,electrical device,device
bookshelf,shelf,support,device
hose,tube,passage,way
power line,cable,conductor,device
icing,freeze,temperature change,natural process
fireplace,enclosure,area,structure
hook,catch,restraint,device
antenna,electrical device,device
beer,alcohol,beverage,food
comforter,communicator,person
lake,body of water,thing
coffee table,table,furniture
sweatshirt,sweater,garment,clothing
shower,plumbing fixture,fixture
jet,aircraft,craft,vehicle
water bottle,bottle,vessel,container
entrance,access,way
driver,operator
soap,cleansing agent,formulation,chemical
sail,piece of cloth,fabric
buoy,reference point,indicator,signal
hedge,fence,barrier,structure
salad,dish,food
cupboard,storage space,area,structure
paddle,bat,club,stick
mound,baseball equipment,sports equipment,equipment
tree branch,branch,stalk
drawing,artwork
pine trees,tree,woody plant,plant
bell,acoustic device,device
seed,fruit
cucumber,vine,vascular plant,plant
goat,mammal,vertebrate,animal
palm trees,tree,woody plant,plant
parking meter,measuring instrument,instrument,device
rice,writer,communicator,person
sausage,meat,food
tissue,body part,thing
ketchup,condiment,ingredient,food
puddle,covering material,building material
dispenser,container
dome,concave shape,shape,attribute
pedestrian,traveler,person
pastry,dough,concoction,food
lawn,field,region,location
blouse,top,woman's clothing,clothing
ice,crystal
living room,room,area,structure
card,paper
menu,bill,list,information
deck,platform,horizontal surface,surface
restaurant,building,structure
candy,sweet,dainty,food
bacon,religious,religious person,person
saucer,round shape,shape,attribute
roll,bread,baked goods,food
lock,fastener,restraint,device
yard,linear unit,unit of measurement,measure
trailer,wheeled vehicle,vehicle,conveyance
zoo,facility
toilet seat,seat,furniture
spinach,vegetable,herb,plant
nut,seed,fruit
coffee,beverage,food
bubble,ball,round shape,shape
juice,food
bedroom,room,area,structure
mud,soil,earth
berry,rock star,musician,person
intersection,point,idea,content
cooler,refrigerator,white goods,appliance
mouse pad,mat,pad,padding
crumb,small indefinite quantity,indefinite quantity,measure
wool,fabric
dugout,shelter,structure
mustard,herb,vascular plant,plant
pigeon,bird,vertebrate,animal
newspaper,press,print media,medium
skateboarder,athlete,contestant,person
lamp shade,protective covering,covering
computer monitor,monitor,display,device
dresser,furniture
wine bottle,bottle,vessel,container
traffic sign,light,visual signal,signal
clock tower,tower,structure
cutting board,board,sheet
placemat,pad,padding
stroller,pedestrian,traveler,person
chocolate,food
staircase,way
headphone,transducer,electrical device,device
ski lift,conveyance
fish,person
coffee cup,cup,container
dishwasher,white goods,home appliance,appliance
scooter,wheeled vehicle,vehicle,conveyance
waist,area,body part,thing
silverware,tableware,ware,article
bleacher,worker,person
figurine,figure,model,creation
figure,illustration,artwork
shop,establishment,structure
steering wheel,control,mechanism,device
pillar,principle,idea,content
bean,vegetable,produce,food
microphone,transducer,electrical device,device
lamb,writer,communicator,person
flower pot,container
sailboat,vessel,craft,vehicle
snowsuit,overgarment,garment,clothing
porch,structure
bus stop,stop,point,location
tree branches,branch,stalk
train station,terminal,station,facility
cage,enclosure,area,structure
dessert,food
locomotive,wheeled vehicle,vehicle,conveyance
carriage,car,wheeled vehicle,vehicle
vine,vascular plant,plant
cream,class,people,group
bedspread,bedclothes,cloth covering,covering
drape,blind,protective covering,covering
island,land
traffic lights,light,visual signal,signal
barn,farm building,building,structure
ham,cut,meat,food
ship,vessel,craft,vehicle
pumpkin,vegetable,produce,food
skyscraper,building,structure
wristwatch,watch,instrument,device
pea,vegetable,produce,food
doll,plaything
seagull,coastal diving bird,bird,animal
corn,grain,food
bandana,handkerchief,piece of cloth,fabric
policeman,lawman,defender,person
urinal,plumbing fixture,fixture
heel,side,region,location
street lights,lamp,source of illumination,device
kettle,pot,utensil,implement
basil,Church Father,intellectual,person
tool,implement
cd,optical disk,memory device,device
snowboarder,skidder,person
toilet bowl,bowl,vessel,container
blender,mixer,utensil,implement
sculpture,plastic art,art,creation
soda,soft drink,beverage,food
cabin,room,area,structure
pineapple,fruit
cookie,cake,baked goods,food
cherry,wood,plant material
blueberry,woody plant,vascular plant,plant
church,organization,social group,group
knee pad,protective garment,clothing
sea,body of water,thing
package,group
air conditioner,appliance,durables
garage,outbuilding,building,structure
beverage,food
pasture,grassland,community,group
swimsuit,garment,clothing
spatula,turner,utensil,implement
handbag,container
bookcase,furniture
bull,cattle,mammal,animal
soup,dish,food
coffee maker,kitchen appliance,home appliance,appliance
herb,vascular plant,plant
canoe,small boat,boat,vehicle
patio,area,structure
picture frame,framework,supporting structure,structure
chandelier,lighting fixture,fixture
canister,container
wallpaper,paper
milk,river,body of water,thing
soccer ball,ball,game equipment,equipment
cigarette,drug of abuse,drug,agent
foil,sheet metal,sheet
tunnel,passageway,passage,way
toaster,supporter,advocate,person
butter,dairy product,food
flip flops,shoe,footwear,covering
cliff,geological formation
pencil,writing implement,implement
coffee mug,drinking vessel,vessel,container
swimming pool,athletic facility,facility
seaweed,alga,protoctist,microorganism
noodle,pasta,food
bikini,swimsuit,garment,clothing
life jacket,life preserver,float
stadium,structure
tomato sauce,sauce,ingredient,food
railroad,line,business,group
rain,precipitation,weather,atmospheric phenomenon
sugar,sweetening,ingredient,food
pear,fruit
biker,traveler,person
notebook,book,product,creation
garden,plot,region,location
audience,gathering,social group,group
bouquet,flower arrangement,arrangement,group
highway,road,way
steam,vapor,suspension,mixture
guitar,stringed instrument,musical instrument,device
end table,table,furniture
meal,food
flip flop,shoe,footwear,covering
salt shaker,shaker,container
platter,tableware,ware,article
shoe lace,lace,cord,line
pasta,dish,food
aircraft,craft,vehicle,conveyance
shower curtain,blind,protective covering,covering
paper towels,towel,piece of cloth,fabric
chopstick,tableware,ware,article
peach,fruit tree,tree,plant
ottoman,seat,furniture
watermelon,vine,vascular plant,plant
mattress,pad,padding
cabbage,vegetable,produce,food
roadway,road,way
market,event
folding chair,chair,seat,furniture
bead,jewelry,adornment,decoration
knee pads,protective garment,clothing
mailbox,box,container
costume,attire,clothing
cowboy hat,hat,headdress,clothing
manhole cover,top,covering
officer,skilled worker,worker,person
office,establishment,structure
pilot,skilled worker,worker,person
candle holder,holder,holding device,device
printer,skilled worker,worker,person
shelter,structure
herd,animal group,biological group,group
pizza slice,dish,food
cauliflower,vegetable,produce,food
squash,vegetable,produce,food
celery,herb,vascular plant,plant
robe,garment,clothing
jeep,car,motor vehicle,vehicle
butterfly,insect,invertebrate,animal
face mask,mask,protective covering,covering
fountain,structure
lighthouse,tower,structure
polo shirt,shirt,garment,clothing
crown,top,region,location
produce,food
shrimp,seafood,food
hallway,corridor,passage,way
town,architect,creator,person
undershirt,undergarment,garment,clothing
wildflower,angiosperm,vascular plant,plant
name tag,tag,label,signal
powdered sugar,sugar,ingredient,food
soap dispenser,dispenser,container
garland,work,product,creation
blazer,jacket,coat,clothing
binder,protective covering,covering
harbor,port,point,location
pepper shaker,shaker,container
briefcase,case,container
legging,garment,clothing
avocado,fruit
dough,concoction,food
bagel,bread,baked goods,food
muffin,quick bread,bread,food
dress shirt,shirt,garment,clothing
soap dish,fixture
beer bottle,bottle,vessel,container
toast,bread,baked goods,food
mannequin,assistant,worker,person
salt,chemical
wagon,wheeled vehicle,vehicle,conveyance
paper towel,towel,piece of cloth,fabric
ice cream,frozen dessert,dessert,food
vas,structure,body part,thing
pancake,cake,baked goods,food
toothpaste,cleansing agent,formulation,chemical
fog,aerosol,cloud
elbow pad,protective garment,clothing
fire extinguisher,device
mozzarella,cheese,dairy product,food
team,organization,social group,group
garnish,decoration
stage,platform,horizontal surface,surface
tongs,device
lime,citrus,fruit
glaze,topping,garnish,decoration
floor lamp,lamp,furniture
feeder,domestic animal,animal
window frame,framework,supporting structure,structure
dvd,optical disk,memory device,device
shield,protective covering,covering
shopping bag,bag,container
beach chair,chair,seat,furniture
boulder,rock
photographer,artist,creator,person
oil,lipid,molecule,thing
wallet,case,container
sack,bag,container
cyclist,rider,traveler,person
minivan,car,motor vehicle,vehicle
closet,storage space,area,structure
radio,broadcasting,telecommunication,medium
cactus,succulent,vascular plant,plant
heater,device
lipstick,makeup,cosmetic,toiletry
coke,cola,soft drink,food
goose,aquatic bird,bird,animal
soda can,can,container
hotel,building,structure
cereal,grass,herb,plant
swan,aquatic bird,bird,animal
charger,device
pie,pastry,baked goods,food
ipod,audio system,electronic equipment,equipment
flamingo,aquatic bird,bird,animal
skater,athlete,contestant,person
butter knife,table knife,ware,article
packet,group
parsley,herb,ingredient,food
cane,walking stick,stick,implement
gravy,sauce,ingredient,food
dumpster,container
deer,mammal,vertebrate,animal
beef,meat,food
flour,food
sponge,absorbent material,sorbent
monkey,primate,mammal,animal
alarm clock,clock,instrument,device
kiwi,fruit
castle,house,building,structure
asparagus,vegetable,produce,food
melon,fruit
tea,beverage,food
tangerine,mandarin,citrus,fruit
video game,game,diversion,event
dvd player,electronic equipment,equipment
polar bear,bear,mammal,animal
piano,keyboard instrument,musical instrument,device
burger,chief justice,judge,person
lion,feline,mammal,animal
gun,weapon,instrument,device
tea kettle,pot,utensil,implement
armchair,chair,seat,furniture
apartment building,building,structure
pump,mechanical device,mechanism,device
rooftop,top,side,region
home,address,point,location
cracker,bread,baked goods,food
life preserver,float
wine glasses,glass,container
chef,cook,worker,person
syrup,sweetening,ingredient,food
light bulbs,electric lamp,lamp,device
price tag,tag,label,signal
whipped cream,topping,garnish,decoration
tablet,slab,block
soldier,skilled worker,worker,person
sunflower,flower,vascular plant,plant
dressing,sauce,ingredient,food
garlic,bulbous plant,vascular plant,plant
water glass,glass,container
dryer,appliance,durables
toilet brush,brush,implement
antelope,mammal,vertebrate,animal
jumpsuit,garment,clothing
broom,cleaning implement,implement
fire truck,truck,motor vehicle,vehicle
turbine,engine,machine,device
pickle,relish,ingredient,food
snack,meal,food
envelope,container
tourist,traveler,person
raspberry,woody plant,vascular plant,plant
sunglass,lens,optical device,device
tractor,wheeled vehicle,vehicle,conveyance
keypad,data input device,electronic equipment,equipment
wine bottles,bottle,vessel,container
mixer,kitchen utensil,utensil,implement
zucchini,vegetable,produce,food
kitten,young mammal,young,animal
mango,fruit
raisin,dried fruit,fruit
dip,condiment,ingredient,food
pajama,trousers,garment,clothing
apartment,housing,structure
breakfast,meal,food
blood,liquid body substance,body substance
coach,trainer,leader,person
plain,land
biscuit,quick bread,bread,food
drum,percussion instrument,musical instrument,device
brownie,female child,female,person
notepad,pad,paper
croissant,bread,baked goods,food
student,enrollee,person
steak,cut,meat,food
ladle,vessel,container
parachute,rescue equipment,equipment
hot dogs,unpleasant person,unwelcome person,person
dining table,table,furniture
table lamp,lamp,furniture
daisy,flower,vascular plant,plant
bone,tissue,body part,thing
comb,device
bus driver,driver,operator
hamburger,sandwich,dish,food
farm,workplace,point,location
baseball players,athlete,contestant,person
cooker,kitchen utensil,utensil,implement
coconut,food
baseball mitt,baseball equipment,sports equipment,equipment
battery,organization,social group,group
bandage,dressing,cloth covering,covering
soda bottle,bottle,vessel,container
gas stove,stove,home appliance,appliance
tea pot,pot,utensil,implement
athlete,contestant,person
desert,good,quality,attribute
cowboy,employee,worker,person
panda,mammal,vertebrate,animal
stapler,machine,device
eggplant,vegetable,produce,food
dining room,room,area,structure
chili,dish,food
bedding,cloth covering,covering
pouch,bag,container
receipt,acknowledgment,message
wheelchair,chair,seat,furniture
peanut,pod,fruit
puppy,dog,canine,animal
projector,optical device,device
ketchup bottle,bottle,vessel,container
owl,bird of prey,bird,animal
ostrich,bird,vertebrate,animal
tortilla,cake,baked goods,food
turkey,domestic fowl,bird,animal
chalkboard,sheet
sword,weapon,instrument,device
raincoat,coat,garment,clothing
penguin,aquatic bird,bird,animal
school bus,bus,public transport,conveyance
toaster oven,kitchen appliance,home appliance,appliance
eagle,bird of prey,bird,animal
bath towel,bath linen,linen,white goods
yogurt,dairy product,food
macaroni,man,adult,person
soccer player,athlete,contestant,person
electric toothbrush,toothbrush,brush,implement
coin,medium of exchange,standard,measure
almond,fruit tree,tree,plant
gentleman,man,adult,person
shampoo,cleansing agent,formulation,chemical
beet,vegetable,produce,food
bunny,rabbit,mammal,animal
donkey,symbol,basic cognitive process,psychological feature
tennis balls,ball,game equipment,equipment
shoe laces,lace,cord,line
alcohol,beverage,food
skillet,pan,utensil,implement
jewelry,adornment,decoration
calculator,expert,person
honey,sweetening,ingredient,food
backyard,field,region,location
underwear,undergarment,garment,clothing
parrot,bird,vertebrate,animal
garment,clothing
cell phones,call,transfer,move
hair dryer,blower,device
gown,dress,woman's clothing,clothing
aquarium,tank,vessel,container
washing machine,white goods,home appliance,appliance
medicine cabinet,cabinet,furniture
cash register,strongbox,box,container
waste basket,container
router,device
instrument,device
restroom,facility
peanut butter,spread,ingredient,food
earphone,transducer,electrical device,device
video games,game,diversion,event
bug,insect,invertebrate,animal
cranberry,woody plant,vascular plant,plant
vending machine,slot machine,machine,device
sushi,dish,food
tiger,feline,mammal,animal
pig,swine,mammal,animal
grapefruit,fruit tree,tree,plant
walnut,nut,seed,fruit
gas pump,pump,mechanism,device
helicopter,aircraft,craft,vehicle
diaper,garment,clothing
sconce,shelter,structure
ambulance,car,motor vehicle,vehicle
tofu,curd,food
fishing pole,rod,implement
frog,amphibian,vertebrate,animal
classroom,room,area,structure
football,ball,game equipment,equipment
alligator,leather,animal skin,animal product
potato chips,snack food,dish,food
pomegranate,fruit tree,tree,plant
papaya,fruit tree,tree,plant
dolphin,whale,mammal,animal
shark,fish,vertebrate,animal
plantain,herb,vascular plant,plant
water bottles,bottle,vessel,container
hammer,mechanical device,mechanism,device
coffee bean,seed,fruit
pretzel,bread,baked goods,food
rabbit,mammal,vertebrate,animal
artichoke,vegetable,herb,plant
omelette,dish,food
coleslaw,salad,dish,food
salmon,food fish,fish,animal
rhino,mammal,vertebrate,animal
remote controls,device
grinder,machinery,machine,device
wig,hairpiece,attire,clothing
ice maker,kitchen appliance,home appliance,appliance
waffle,cake,baked goods,food
oak tree,tree,woody plant,plant
temple,place of worship,building,structure
cathedral,church,building,structure
bell tower,tower,structure
bison,mammal,vertebrate,animal
spear,weapon,instrument,device
whisk,mixer,utensil,implement
library,room,area,structure
cheesecake,cake,baked goods,food
egg yolk,ingredient,food
sour cream,cream,dairy product,food
mayonnaise,dressing,sauce,food
scrub brush,brush,implement
olive oil,vegetable oil,fat,thing
broth,soup,dish,food
elevator,lifting device,device
guacamole,dip,ingredient,food
rolling pin,kitchen utensil,utensil,implement
parent,ancestor,relative,person
grater,kitchen utensil,utensil,implement
factory,plant,building complex,structure
liquor,alcohol,beverage,food
toothpick,pick,hand tool,tool
lobster,shellfish,seafood,food
marshmallow,candy,sweet,food
microwave oven,kitchen appliance,home appliance,appliance
beer can,can,container
hippo,town,district,region
vacuum,condition,state,attribute
cereal box,box,container
sweet potato,morning glory,vine,plant
cigar,drug of abuse,drug,agent
spider,arthropod,invertebrate,animal
hard drive,drive,device
ice cubes,cube,block
shopping cart,wheeled vehicle,vehicle,conveyance
plier,worker,person
burrito,dish,food
mixing bowl,bowl,dish,container
panda bear,mammal,vertebrate,animal
cinnamon roll,sweet roll,bread,food
octopus,seafood,food
snake,reptile,vertebrate,animal
salad dressing,sauce,ingredient,food
soda cans,can,container
ramekin,dish,food
camel,mammal,vertebrate,animal
meatball,dish,food
thermometer,measuring instrument,instrument,device
spray can,dispenser,container
cream cheese,cheese,dairy product,food
kitchen towel,towel,piece of cloth,fabric
paint brush,applicator,device
toolbox,chest,box,container
squirrel,rodent,mammal,animal
can opener,hand tool,tool,implement
loaf,bread,baked goods,food
desktop computer,personal computer,computer,machine
tuna,cactus,vascular plant,plant
dumpling,pasta,food
seafood,food
auditorium,area,structure
parmesan cheese,cheese,dairy product,food
orchid,flower,vascular plant,plant
blackberry,berry,fruit
lily,bulbous plant,vascular plant,plant
trumpet,wind instrument,musical instrument,device
turtle,jersey,shirt,clothing
pocket watch,watch,instrument,device
hospital,medical building,building,structure
pecan,wood,plant material
baker,merchant,capitalist,person
peacock,butterfly,insect,animal
ice cube,cube,block
food processor,kitchen appliance,home appliance,appliance
lounge,seat,furniture
hotdog bun,bread,baked goods,food
bartender,employee,worker,person
champagne,wine,alcohol,food
cooking utensil,kitchen utensil,utensil,implement
stew,dish,food
pork,meat,food
popcorn,corn,grass,plant
milkshake,drink,helping,measure
pasta salad,salad,dish,food
palace,house,building,structure
lemonade,fruit drink,beverage,food
cotton candy,candy,sweet,food
crab,crustacean,invertebrate,animal
shaving cream,ball,round shape,shape
rifle,gun,weapon,device
coffee cups,cup,container
fisherman,skilled worker,worker,person
cheetah,feline,mammal,animal
swimmer,athlete,contestant,person
flatbread,bread,baked goods,food
pill,thing
chickpea,legume,pod,fruit
sweet potatoes,vegetable,produce,food
cookie jar,jar,vessel,container
gorilla,great ape,ape,animal
stir fry,cook,change integrity,change
caramel,candy,sweet,food
bee,insect,invertebrate,animal
farmer,creator,person
wolf,canine,mammal,animal
moose,deer,mammal,animal
casserole,dish,food
pesto,sauce,ingredient,food
waiter,employee,worker,person
cinnamon,bark,covering
beer cans,can,container
coffee beans,seed,fruit
poodle,dog,canine,animal
shopping center,establishment,structure
theater,building,structure
soft drink,beverage,food
egg roll,dish,food
orchard,garden,region,location
potato salad,salad,dish,food
robot,mechanism,device
lobby,room,area,structure
life jackets,life preserver,float
gym,school,social group,group
riding boots,boot,footwear,covering
roast beef,cut,meat,food
grocery,marketplace,establishment,structure
hairbrush,brush,implement
cemetery,site,region,location
baseball bats,baseball equipment,sports equipment,equipment
cheeseburger,sandwich,dish,food
pizza pie,dish,food
cookbook,book,work,product
dog food,petfood,feed,food
cafeteria,restaurant,building,structure
school,organization,social group,group
taco,dish,food
anchovy,fish,food
mint,large indefinite quantity,indefinite quantity,measure
attic,floor,structure
waitress,employee,worker,person
buffet,furniture
armor,protective covering,covering
whale,aquatic mammal,mammal,animal
granola,cereal,breakfast food,food
pub,tavern,building,structure
egg white,ingredient,food
soap dispensers,dispenser,container
coral,pink,color,property
beetle,insect,invertebrate,animal
french toast,dish,food
smoothie,hypocrite,bad person,person
oatmeal,porridge,dish,food
hummus,spread,ingredient,food
vinegar,condiment,ingredient,food
pita,bread,baked goods,food
swamp,wetland,land
kimono,robe,garment,clothing
vanilla,flower,vascular plant,plant
oreo,cookie,cake,food
amusement park,park,region,location
fudge,candy,sweet,food
ginger,herb,vascular plant,plant
coffee shop,restaurant,building,structure
leopard,feline,mammal,animal
performer,entertainer,person
wardrobe,furniture
lab coat,coat,garment,clothing
ice-cream cone,frozen dessert,dessert,food
salon,room,area,structure
pistachio,nut tree,tree,plant
cappuccino,coffee,beverage,food
dragonfly,insect,invertebrate,animal
wok,pan,utensil,implement
gourd,bottle,vessel,container
boar,swine,mammal,animal
supermarket,grocery store,establishment,structure
pudding,dish,food
entree,food
kangaroo,mammal,vertebrate,animal
hibiscus,woody plant,vascular plant,plant
pizza shop,shop,establishment,structure
beer mug,drinking vessel,vessel,container
snail,mollusk,invertebrate,animal
snoopy,imagination,ability,psychological feature
serving dish,dish,container
soccer balls,ball,game equipment,equipment
ravioli,pasta,food
bread loaf,bread,baked goods,food
vitamin,food
cooking oil,vegetable oil,fat,thing
citrus,fruit
lavender,woody plant,vascular plant,plant
mouse,rodent,mammal,animal
dvd players,electronic equipment,equipment
fire trucks,truck,motor vehicle,vehicle
panda bears,mammal,vertebrate,animal
photo,representation,creation
photograph,representation,creation
metal,chemical element
tennis,court game,game,event
hydrant,control,mechanism,device
trouser,garment,clothing
kid,juvenile,person
plane,aircraft,craft,vehicle
TV,set,electronic equipment,equipment
motorbike,motorcycle,motor vehicle,vehicle
SUV,car,motor vehicle,vehicle
telephone,electronic equipment,equipment
fridge,refrigerator,white goods,appliance
freezer,electric refrigerator,refrigerator,white goods
pine,tree,woody plant,plant
remote,device
bin,container
cellphone,telephone,electronic equipment,equipment
bulb,stalk
cab,room,area,structure
leather,animal skin,animal product
square,plane figure,figure,shape
necktie,neckwear,garment,clothing
cube,polyhedron,shape,attribute
veggie,produce,food
tank,armored vehicle,wheeled vehicle,vehicle
extinguisher,device
CDs,optical disk,memory device,device
adult,person
tub,vessel,container
lot,large indefinite quantity,indefinite quantity,measure
DVD,optical disk,memory device,device
alarm,fear,feeling,state
shrub,woody plant,vascular plant,plant
tshirt,American state,state,district
concrete,building material
placemats,pad,padding
tee,golf equipment,sports equipment,equipment
mousepad,mat,pad,padding
cardboard,packing material
porcelain,ceramic ware,utensil,implement
cement,concrete,building material
bath,vessel,container
stool,seat,furniture
cash,singer,musician,person
register,written record,record,evidence
drapery,blind,protective covering,covering
trashcan,bin,container
band,social group,group
track,line,location
spray,pesticide,chemical
washer,worker,person
wineglass,glass,container
TVs,set,electronic equipment,equipment
chess,grass,herb,plant
wetsuits,garment,clothing
oar,implement
conditioner,effort,work,event
brunette,person
wicker,wood,plant material
marble,rock
cover,covering
bikers,rider,traveler,person
quilt,bedclothes,cloth covering,covering
pier,platform,horizontal surface,surface
rubber,latex,exudate,discharge
granite,batholith,igneous rock,rock
male,animal
eyeglass,lens,optical device,device
motorcyclist,traveler,person
CD,metallic element,chemical element
scrub,vegetation,group
bicyclist,rider,traveler,person
tv,set,electronic equipment,equipment
hardwood,wood,plant material
pool,excavation
chrome,chromium,metallic element,chemical element
hotdog,unpleasant person,unwelcome person,person
case,happening,event
antique,antiquity
spread,condiment,ingredient,food
switch,control,mechanism,device
lace,cord,line
aluminum,metallic element,chemical element
asphalt,paving
kayak,small boat,boat,vehicle
female,animal
copper,conductor
Styrofoam,foam
hippoes,mammal,vertebrate,animal
cotton,plant fiber,natural fiber,fiber
clay,general,general officer,person
streetlight,lamp,source of illumination,device
burritoes,dish,food
wreath,flower arrangement,arrangement,group
Cola,soft drink,beverage,food
teddy,plaything
denim,fabric
Coke,cola,soft drink,food
skate,sports equipment,equipment
tacoes,North American,American,person
condiment,ingredient,food
lift,aid,event
inside,region,location
bud,flower
desktop,top,side,region
tin,metallic element,chemical element
brass,copper-base alloy,alloy,mixture
rainbow,bow,line,shape
day,writer,communicator,person
blonde,person
coca-cola,cola,soft drink,food
ice-cream,frozen dessert,dessert,food
crocodile,reptile,vertebrate,animal
avocadoes,fruit
DVDs,optical disk,memory device,device
holder,holding device,device
mitt,baseball equipment,sports equipment,equipment
logoes,trademark,symbol,signal
pianoes,keyboard instrument,musical instrument,device
swing,action,state,attribute
khaki,fabric
seasoning,ingredient,food
mobile,plastic art,art,creation
silk,fabric
styrofoam,foam
Mickey,Irish person,European,person
manhole,hole,opening
bamboo,wood,plant material
pin,jewelry,adornment,decoration
smoothy,hypocrite,bad person,person
oval,plane figure,figure,shape
peel,politician,leader,person
foam,ball,round shape,shape
hoof,animal foot,body part,thing
yolk,ingredient,food
stack,pile,group
carton,containerful,indefinite quantity,measure
pet,animal
basketball,court game,game,event
storage,possession,control,event
wave,movement,happening,event
string,cord,line
eraser,implement
octopodes,mollusk,invertebrate,animal
