noun,sense
window,window.n.01
tree,tree.n.01
man,man.n.01
shirt,shirt.n.01
wall,wall.n.01
building,building.n.01
person,person.n.01
ground,land.n.04
sky,sky.n.01
leg,leg.n.01
leaf,leaf.n.01
sign,sign.n.01
hand,hand.n.01
head,head.n.01
pole,pole.n.01
grass,grass.n.01
hair,hair.n.01
car,car.n.01
ear,ear.n.01
eye,eye.n.01
woman,woman.n.01
cloud,cloud.n.01
table,table.n.01
shoe,shoe.n.01
wheel,wheel.n.01
door,door.n.01
pant,pant.n.01
letter,letter.n.01
people,people.n.01
flower,flower.n.01
water,water.n.01
chair,chair.n.01
glass,glass.n.01
fence,fence.n.01
arm,arm.n.01
number,number.n.01
nose,nose.n.01
floor,floor.n.01
rock,rock.n.01
jacket,jacket.n.01
hat,hat.n.01
tail,tail.n.01
plate,home_plate.n.01
foot,foot.n.01
face,face.n.01
bush,shrub.n.01
short,short.n.01
road,road.n.01
bag,bag.n.01
sidewalk,sidewalk.n.01
helmet,helmet.n.01
tire,tire.n.01
snow,snow.n.01
boy,male_child.n.01
logo,logo.n.01
roof,roof.n.01
umbrella,umbrella.n.01
bottle,bottle.n.01
boat,boat.n.01
plant,plant.n.01
street,street.n.01
branch,branch.n.01
post,post.n.01
jean,jean.n.01
mouth,mouth.n.01
cap,cap.n.01
bird,bird.n.01
banana,banana.n.01
girl,girl.n.01
box,box.n.01
mirror,mirror.n.01
bench,bench.n.01
field,field.n.01
picture,picture.n.01
pillow,pillow.n.01
book,book.n.01
glove,baseball_glove.n.01
shelf,shelf.n.01
dirt,soil.n.02
clock,clock.n.01
bowl,bowl.n.01
neck,neck.n.01
trunk,trunk.n.01
horse,horse.n.01
wing,wing.n.01
bus,bus.n.01
food,food.n.01
train,train.n.01
paper,paper.n.01
kite,kite.n.01
sock,sock.n.01
airplane,airplane.n.01
elephant,elephant.n.01
house,house.n.01
lamp,lamp.n.01
coat,coat.n.01
cabinet,cabinet.n.01
cup,cup.n.01
cow,cow.n.01
dog,dog.n.01
finger,finger.n.01
wire,wire.n.01
giraffe,giraffe.n.01
word,word.n.01
flag,flag.n.01
mountain,mountain.n.01
seat,seat.n.01
counter,counter.n.01
sheep,sheep.n.01
street_light,NF
ski,ski.n.01
zebra,zebra.n.01
hill,hill.n.01
truck,truck.n.01
bike,motorcycle.n.01
child,child.n.01
ball,ball.n.01
racket,racket.n.01
skateboard,skateboard.n.01
ceiling,ceiling.n.01
player,player.n.01
motorcycle,motorcycle.n.01
surfboard,surfboard.n.01
towel,towel.n.01
container,container.n.01
sand,sand.n.01
paw,paw.n.01
frame,frame.n.01
curtain,curtain.n.01
windshield,windshield.n.01
horn,horn.n.01
cat,cat.n.01
boot,boot.n.01
bed,bed.n.01
animal,animal.n.01
sink,sink.n.01
donut,doughnut.n.02
tie,necktie.n.01
traffic_light,traffic_light.n.01
pizza,pizza.n.01
stone,rock.n.01
sticker,spine.n.03
orange,orange.n.01
backpack,backpack.n.01
apple,apple.n.01
basket,basket.n.01
collar,collar.n.01
drawer,drawer.n.01
lid,eyelid.n.01
vase,vase.n.01
cord,cord.n.01
pot,pot.n.01
phone,telephone.n.01
fork,fork.n.01
uniform,uniform.n.01
vehicle,vehicle.n.01
laptop,laptop.n.01
fruit,fruit.n.01
lady,lady.n.01
tomato,tomato.n.01
bear,bear.n.01
mane,mane.n.01
license_plate,license_plate.n.01
cheese,cheese.n.01
tag,tag.n.01
fur,fur.n.01
carrot,carrot.n.01
beach,beach.n.01
tower,tower.n.01
vegetable,vegetable.n.01
wrist,wrist.n.01
desk,desk.n.01
cone,cone.n.01
knife,knife.n.01
napkin,napkin.n.01
toilet,toilet.n.01
dress,dress.n.01
blanket,blanket.n.01
faucet,faucet.n.01
screen,screen.n.01
keyboard,keyboard.n.01
cell_phone,cell_phone.v.01
watch,watch.n.01
arrow,arrow.n.01
bicycle,bicycle.n.01
sneaker,gym_shoe.n.01
broccoli,broccoli.n.01
guy,guy.n.01
ocean,ocean.n.01
t-shirt,jersey.n.03
pipe,pipe.n.01
spot,topographic_point.n.01
cake,cake.n.01
bread,bread.n.01
sweater,sweater.n.01
stick,stick.n.01
room,room.n.01
couch,sofa.n.01
frisbee,frisbee.n.01
camera,camera.n.01
air,air.n.01
step,measure.n.01
trash_can,ashcan.n.01
paint,paint.n.01
rope,rope.n.01
tray,tray.n.01
tile,tile.n.01
belt,belt.n.01
bat,bat.n.01
television,television.n.01
suit,suit.n.01
spoon,spoon.n.01
bathroom,bathroom.n.01
pepper,pepper.n.01
candle,candle.n.01
onion,onion.n.01
sauce,sauce.n.01
ring,ring.n.01
meat,meat.n.01
brick,brick.n.01
van,avant-garde.n.01
vest,vest.n.01
computer,computer.n.01
bridge,bridge.n.01
goggles,goggles.n.01
gravel,gravel.n.01
platform,platform.n.01
label,label.n.01
chain,chain.n.01
pavement,pavement.n.01
beak,beak.n.01
refrigerator,refrigerator.n.01
wetsuit,NF
balcony,balcony.n.01
carpet,rug.n.01
tree_trunk,trunk.n.01
skirt,skirt.n.01
suitcase,bag.n.06
palm_tree,palm.n.03
fire_hydrant,fireplug.n.01
pocket,pocket.n.01
spectator,spectator.n.01
kitchen,kitchen.n.01
jersey,new_jersey.n.01
dish,dish.n.01
remote_control,remote_control.n.01
can,can.n.01
shore,shore.n.01
rug,rug.n.01
outlet,mercantile_establishment.n.01
star,star.n.01
computer_mouse,mouse.n.04
bracelet,watchband.n.01
clothes,apparel.n.01
street_sign,street_sign.n.01
snowboard,snowboard.n.01
net,internet.n.01
stair,step.n.04
scarf,scarf.n.01
gate,gate.n.01
graffiti,graffito.n.01
purse,bag.n.04
luggage,baggage.n.01
beard,beard.n.01
log,log.n.01
necklace,necklace.n.01
sandwich,sandwich.n.01
wristband,wristband.n.01
parking_lot,parking_lot.n.01
park,park.n.01
blind,blind.n.01
train_tracks,NF
statue,statue.n.01
sun,sun.n.01
speaker,speaker.n.01
wine,wine.n.01
doorway,doorway.n.01
sandal,sandal.n.01
path,way.n.05
skier,skier.n.01
teeth,dentition.n.02
men,work_force.n.01
monitor,proctor.n.01
crust,crust.n.01
stove,stove.n.01
cable,cable.n.01
weed,weed.n.01
chimney,chimney.n.01
pen,pen.n.01
topping,topping.n.01
jar,jar.n.01
feather,feather.n.01
home_plate,home_plate.n.01
fan,fan.n.01
tent,tent.n.01
cart,cart.n.01
catcher,catcher.n.01
trash,rubbish.n.01
outfit,outfit.n.01
painting,painting.n.01
forest,forest.n.01
bathtub,bathtub.n.01
eye_glasses,NF
decoration,decoration.n.01
countertop,countertop.n.01
oven,oven.n.01
earring,earring.n.01
pine_tree,pine.n.01
lettuce,boodle.n.01
city,city.n.01
walkway,walk.n.05
sheet,sheet.n.01
olive,olive.n.01
dock,dock.n.01
pan,pan.n.01
cockpit,cockpit.n.01
bun,bun.n.01
poster,poster.n.01
light_switch,NF
hot_dog,hotdog.n.01
frosting,frosting.n.01
bucket,bucket.n.01
controller,accountant.n.01
lip,lip.n.01
pepperoni,pepperoni.n.01
crowd,crowd.n.01
thumb,thumb.n.01
propeller,propeller.n.01
symbol,symbol.n.01
liquid,liquid.n.01
tablecloth,tablecloth.n.01
store,shop.n.01
mushroom,mushroom.n.01
runway,track.n.09
train_car,NF
potato,potato.n.01
teddy_bear,teddy.n.01
baby,baby.n.01
microwave,microwave.n.01
headband,headband.n.01
utensil,utensil.n.01
headboard,headboard.n.01
straw,straw.n.01
stop_sign,NF
skin,skin.n.01
egg,egg.n.01
display,display.n.01
couple,couple.n.01
ladder,ladder.n.01
sprinkle,scattering.n.03
power_lines,power_line.n.01
tennis_ball,tennis_ball.n.01
toy,plaything.n.01
burner,burner.n.01
grill,grillroom.n.01
umpire,umpire.n.01
brush,brush.n.01
tongue,tongue.n.01
game,game.n.01
smoke,smoke.n.01
canopy,canopy.n.01
grape,grape.n.01
magnet,magnet.n.01
river,river.n.01
taxi,cab.n.03
chicken,chicken.n.01
drain,drain.n.01
mask,mask.n.01
american_flag,american_flag.n.01
mug,mug.n.01
strawberry,strawberry.n.01
batter,batter.n.01
wine_glass,NF
suv,sport_utility.n.01
tank_top,tank_top.n.01
scissors,scissors.n.01
barrier,barrier.n.01
planter,planter.n.01
drink,drink.n.01
cross,cross.n.01
duck,duck.n.01
baseball,baseball.n.01
mat,mat.n.01
telephone_pole,telephone_pole.n.01
crosswalk,crossing.n.05
toilet_paper,toilet_tissue.n.01
hay,hay.n.01
twig,branchlet.n.01
tape,tape.n.01
hillside,hillside.n.01
surfer,surfer.n.01
station,station.n.01
passenger,passenger.n.01
mustache,mustache.n.01
pond,pond.n.01
heart,heart.n.01
sofa,sofa.n.01
balloon,balloon.n.01
crate,crate.n.01
toothbrush,toothbrush.n.01
pitcher,pitcher.n.01
rose,rose.n.01
spice,spice.n.01
baseball_bat,baseball_bat.n.01
moss,moss.n.01
apron,apron.n.01
airport,airport.n.01
light_bulb,light_bulb.n.01
lemon,lemon.n.01
cupcake,cupcake.n.01
magazine,magazine.n.01
light_fixture,NF
bookshelf,bookshelf.n.01
fence_post,NF
hose,hosiery.n.01
power_line,power_line.n.01
icing,frost.n.03
fireplace,fireplace.n.01
nightstand,NF
hook,hook.n.01
antenna,antenna.n.01
beer,beer.n.01
comforter,sympathizer.n.01
lake,lake.n.01
fry,fry.n.01
coffee_table,coffee_table.n.01
sweatshirt,sweatshirt.n.01
shower,shower.n.01
jet,jet.n.01
water_bottle,water_bottle.n.01
entrance,entrance.n.01
driver,driver.n.01
soap,soap.n.01
sail,sail.n.01
buoy,buoy.n.01
hedge,hedge.n.01
salad,salad.n.01
cupboard,cupboard.n.01
paddle,paddle.n.01
mound,mound.n.01
tree_branch,limb.n.02
drawing,drawing.n.01
pine_trees,pine.n.01
bell,bell.n.01
seed,seed.n.01
cucumber,cucumber.n.01
goat,goat.n.01
palm_trees,palm.n.03
parking_meter,parking_meter.n.01
rice,rice.n.01
sausage,sausage.n.01
tissue,tissue.n.01
ketchup,catsup.n.01
puddle,puddle.n.01
dispenser,dispenser.n.01
dome,dome.n.01
pedestrian,pedestrian.n.01
pastry,pastry.n.01
lawn,lawn.n.01
blouse,blouse.n.01
ice,ice.n.01
living_room,living_room.n.01
card,card.n.01
menu,menu.n.01
deck,deck.n.01
restaurant,restaurant.n.01
candy,candy.n.01
bacon,bacon.n.01
saucer,disk.n.01
roll,axial_rotation.n.01
lock,lock.n.01
machine,machine.n.01
yard,yard.n.01
trailer,dawdler.n.01
zoo,menagerie.n.02
toilet_seat,toilet_seat.n.01
spinach,spinach.n.01
nut,nut.n.01
crane,crane.n.01
coffee,coffee.n.01
bubble,bubble.n.01
juice,juice.n.01
bedroom,bedroom.n.01
marker,marker.n.01
mud,mud.n.01
berry,berry.n.01
intersection,intersection.n.01
cooler,cooler.n.01
stuffed_animal,NF
mouse_pad,NF
crumb,crumb.n.01
wool,wool.n.01
cabinet_door,NF
dugout,dugout.n.01
mustard,mustard.n.01
pigeon,pigeon.n.01
newspaper,newspaper.n.01
skateboarder,skateboarder.n.01
wii_controller,NF
lamp_shade,lampshade.n.01
computer_monitor,computer_monitor.n.01
dresser,chest_of_drawers.n.01
wine_bottle,wine_bottle.n.01
traffic_sign,NF
clock_tower,clock_tower.n.01
cutting_board,chopping_board.n.01
placemat,NF
stroller,saunterer.n.01
chocolate,cocoa.n.01
staircase,stairway.n.01
headphone,earphone.n.01
ski_lift,ski_tow.n.01
fish,fish.n.01
coffee_cup,coffee_cup.n.01
dishwasher,dishwasher.n.01
scooter,water_scooter.n.01
waist,waist.n.01
character,fictional_character.n.01
silverware,silverware.n.01
bleacher,bleacher.n.01
figurine,figurine.n.01
figure,figure.n.01
shop,shop.n.01
steering_wheel,steering_wheel.n.01
pillar,pillar.n.01
bean,bean.n.01
microphone,microphone.n.01
lamb,lamb.n.01
flower_pot,NF
sailboat,sailboat.n.01
snowsuit,snowsuit.n.01
porch,porch.n.01
bus_stop,bus_stop.n.01
artwork,artwork.n.01
tree_branches,limb.n.02
train_station,railway_station.n.01
cage,cage.n.01
dessert,dessert.n.01
locomotive,locomotive.n.01
carriage,passenger_car.n.01
vine,vine.n.01
cream,cream.n.01
bedspread,bedspread.n.01
drape,curtain.n.01
island,island.n.01
traffic_lights,traffic_light.n.01
barn,barn.n.01
ham,ham.n.01
ship,ship.n.01
pumpkin,pumpkin.n.01
skyscraper,skyscraper.n.01
ornament,decoration.n.01
wristwatch,wristwatch.n.01
pea,pea.n.01
doll,doll.n.01
seagull,gull.n.02
corn,corn.n.01
bandana,bandanna.n.01
policeman,policeman.n.01
urinal,urinal.n.01
heel,heel.n.01
street_lights,NF
kettle,kettle.n.01
device,device.n.01
basil,basil.n.01
tool,tool.n.01
cd,cadmium.n.01
skate_park,NF
snowboarder,snowboarder.n.01
toilet_bowl,toilet_bowl.n.01
blender,blender.n.01
sculpture,sculpture.n.01
soda,sodium_carbonate.n.01
cabin,cabin.n.01
pineapple,pineapple.n.01
stuffed_bear,NF
cookie,cookie.n.01
cherry,cherry.n.01
blueberry,blueberry.n.01
church,church.n.01
knee_pad,knee_pad.n.01
sea,sea.n.01
package,package.n.01
air_conditioner,air_conditioner.n.01
garage,garage.n.01
beverage,beverage.n.01
pasture,pasture.n.01
swimsuit,swimsuit.n.01
spatula,spatula.n.01
handbag,bag.n.04
bookcase,bookcase.n.01
bull,bull.n.01
soup,soup.n.01
coffee_maker,coffee_maker.n.01
family,family.n.01
herb,herb.n.01
canoe,canoe.n.01
patio,patio.n.01
picture_frame,picture_frame.n.01
chandelier,chandelier.n.01
canister,case_shot.n.01
wallpaper,wallpaper.n.01
milk,milk.n.01
stump,stump.n.01
soccer_ball,soccer_ball.n.01
cigarette,cigarette.n.01
foil,foil.n.01
tunnel,tunnel.n.01
toaster,toaster.n.01
butter,butter.n.01
flip_flops,NF
cliff,cliff.n.01
pencil,pencil.n.01
coffee_mug,coffee_mug.n.01
swimming_pool,swimming_pool.n.01
seaweed,seaweed.n.01
noodle,noodle.n.01
bikini,bikini.n.01
life_jacket,life_jacket.n.01
stadium,stadium.n.01
tomato_sauce,tomato_sauce.n.01
railroad,railway.n.01
rain,rain.n.01
sugar,sugar.n.01
pear,pear.n.01
biker,NF
notebook,notebook.n.01
garden,garden.n.01
audience,audience.n.01
bouquet,bouquet.n.01
highway,highway.n.01
steam,steam.n.01
guitar,guitar.n.01
end_table,NF
meal,meal.n.01
picnic_table,NF
wii,NF
flip_flop,NF
salt_shaker,saltshaker.n.01
platter,platter.n.01
shoe_lace,shoelace.n.01
pasta,pasta.n.01
ceiling_light,NF
aircraft,aircraft.n.01
shower_curtain,shower_curtain.n.01
paper_towels,paper_towel.n.01
chopstick,chopstick.n.01
snow_pants,NF
peach,peach.n.01
ottoman,ottoman.n.01
hour_hand,hour_hand.n.01
radiator,radiator.n.01
watermelon,watermelon.n.01
mattress,mattress.n.01
cabbage,cabbage.n.01
roadway,roadway.n.01
market,market.n.01
folding_chair,folding_chair.n.01
map,map.n.01
calf,calf.n.01
bead,bead.n.01
knee_pads,knee_pad.n.01
mailbox,mailbox.n.01
costume,costume.n.01
cowboy_hat,cowboy_hat.n.01
manhole_cover,manhole_cover.n.01
officer,military_officer.n.01
office,office.n.01
tree_leaves,NF
pilot,pilot.n.01
worker,worker.n.01
minute_hand,minute_hand.n.01
candle_holder,candlestick.n.01
printer,printer.n.01
shelter,shelter.n.01
herd,herd.n.01
pizza_slice,NF
cauliflower,cauliflower.n.01
squash,squash.n.01
celery,celery.n.01
robe,robe.n.01
jeep,jeep.n.01
match,match.n.01
butterfly,butterfly.n.01
face_mask,face_mask.n.01
fountain,fountain.n.01
lighthouse,beacon.n.03
polo_shirt,polo_shirt.n.01
toilet_tank,NF
door_frame,NF
crown,crown.n.01
produce,produce.n.01
shrimp,runt.n.01
sign_post,NF
hallway,hallway.n.01
town,town.n.01
undershirt,singlet.n.01
wildflower,wildflower.n.01
name_tag,name_tag.n.01
powdered_sugar,powdered_sugar.n.01
soap_dispenser,soap_dispenser.n.01
garage_door,NF
appliance,appliance.n.01
roadside,wayside.n.01
side_table,NF
garland,garland.n.01
blazer,blazer.n.01
binder,binder.n.01
harbor,seaport.n.01
pepper_shaker,pepper_shaker.n.01
briefcase,briefcase.n.01
legging,legging.n.01
avocado,avocado.n.01
dough,dough.n.01
bagel,bagel.n.01
muffin,muffin.n.01
dress_shirt,dress_shirt.n.01
toilet_lid,NF
smoke_stack,NF
soap_dish,soap_dish.n.01
beer_bottle,beer_bottle.n.01
toast,toast.n.01
mannequin,mannequin.n.01
salt,salt.n.01
wagon,wagon.n.01
paper_towel,paper_towel.n.01
ice_cream,ice_cream.n.01
vas,vessel.n.01
pancake,pancake.n.01
satellite_dish,NF
toothpaste,toothpaste.n.01
athletic_shoe,NF
game_controller,NF
fog,fog.n.01
elbow_pad,elbow_pad.n.01
fire_extinguisher,fire_extinguisher.n.01
apple_logo,NF
mozzarella,mozzarella.n.01
team,team.n.01
garnish,garnish.n.01
cooky,cookie.n.02
stage,phase.n.01
tongs,tongs.n.01
lime,calcium_hydroxide.n.01
safety_jacket,NF
glaze,glaze.n.01
floor_lamp,floor_lamp.n.01
feeder,feeder.n.01
window_frame,window_frame.n.01
dvd,videodisk.n.01
clock_hand,NF
shield,shield.n.01
shopping_bag,shopping_bag.n.01
beach_chair,deck_chair.n.01
fire,fire.n.01
boulder,boulder.n.01
photographer,photographer.n.01
oil,oil.n.01
wallet,wallet.n.01
sack,sack.n.01
oven_door,NF
cyclist,cyclist.n.01
minivan,minivan.n.01
moon,moon.n.01
closet,cupboard.n.01
radio,radio.n.01
cactus,cactus.n.01
toiletry,toiletry.n.01
heater,heater.n.01
parking_sign,NF
lipstick,lipstick.n.01
coke,coke.n.01
goal,goal.n.01
goose,goose.n.01
entertainment_center,entertainment_center.n.01
banana_bunch,NF
soda_can,soda_can.n.01
hotel,hotel.n.01
cereal,cereal.n.01
powder,powder.n.01
swan,swan.n.01
mother,mother.n.01
charger,charger.n.01
pie,pie.n.01
ipod,ipod.n.01
flamingo,flamingo.n.01
skater,skater.n.01
butter_knife,butter_knife.n.01
packet,package.n.01
parsley,parsley.n.01
blossom,flower.n.02
cane,cane.n.01
gravy,gravy.n.01
dumpster,dumpster.n.01
coffee_pot,NF
deer,deer.n.01
scaffolding,scaffolding.n.01
beef,beef.n.01
flour,flour.n.01
sponge,sponge.n.01
monkey,monkey.n.01
alarm_clock,alarm_clock.n.01
kiwi,chinese_gooseberry.n.01
castle,palace.n.01
tv_stand,NF
asparagus,asparagus.n.01
melon,melon.n.01
tea,tea.n.01
terminal,terminal.n.01
tangerine,tangerine.n.01
video_game,computer_game.n.01
dvd_player,NF
jockey,jockey.n.01
trash_bag,NF
polar_bear,ice_bear.n.01
piano,piano.n.01
burger,burger.n.01
lion,lion.n.01
gun,gun.n.01
tea_kettle,NF
armchair,armchair.n.01
apartment_building,apartment_building.n.01
pump,pump.n.01
rooftop,rooftop.n.01
home,home.n.01
cracker,cracker.n.01
life_preserver,life_preserver.n.01
wine_glasses,NF
chef,chef.n.01
control_panel,control_panel.n.01
syrup,syrup.n.01
light_bulbs,light_bulb.n.01
price_tag,price_tag.n.01
whipped_cream,whipped_cream.n.01
tablet,tablet.n.01
soldier,soldier.n.01
sunflower,sunflower.n.01
dressing,dressing.n.01
garlic,garlic.n.01
water_glass,soluble_glass.n.01
stuffed_animals,NF
dryer,dryer.n.01
tissue_box,NF
toilet_brush,NF
antelope,antelope.n.01
jumpsuit,jump_suit.n.01
broom,broom.n.01
fire_truck,fire_engine.n.01
turbine,turbine.n.01
pickle,pickle.n.01
snack,bite.n.04
envelope,envelope.n.01
tourist,tourist.n.01
raspberry,raspberry.n.01
sunglass,sunglass.n.01
tractor,tractor.n.01
console,console_table.n.01
gas_station,gasoline_station.n.01
keypad,computer_keyboard.n.01
cloth,fabric.n.01
dinner,dinner.n.01
cabinet_doors,NF
wine_bottles,wine_bottle.n.01
mixer,sociable.n.01
zucchini,zucchini.n.01
kitten,kitten.n.01
mango,mango.n.01
raisin,raisin.n.01
dip,dip.n.01
pajama,pajama.n.01
apartment,apartment.n.01
breakfast,breakfast.n.01
blood,blood.n.01
coach,coach.n.01
plain,plain.n.01
biscuit,biscuit.n.01
drum,drum.n.01
brownie,brownie.n.01
notepad,notepad.n.01
lunch,lunch.n.01
shower_door,NF
croissant,crescent_roll.n.01
dinosaur,dinosaur.n.01
student,student.n.01
steak,steak.n.01
pillowcase,case.n.19
ladle,ladle.n.01
parachute,parachute.n.01
hot_dogs,hotdog.n.01
dining_table,dining_table.n.01
sea_foam,NF
table_lamp,table_lamp.n.01
daisy,daisy.n.01
bone,bone.n.01
comb,comb.n.01
office_chair,NF
meadow,hayfield.n.01
bus_driver,busman.n.01
hamburger,hamburger.n.01
farm,farm.n.01
baseball_players,ballplayer.n.01
cooker,cooker.n.01
coconut,coconut.n.01
baseball_mitt,baseball_glove.n.01
battery,battery.n.01
toddler,toddler.n.01
bandage,bandage.n.01
soda_bottle,pop_bottle.n.01
bar_stool,NF
gas_stove,gas_range.n.01
customer,customer.n.01
touchpad,NF
courtyard,court.n.10
luggage_cart,NF
tea_pot,NF
athlete,athlete.n.01
desert,desert.n.01
cowboy,cowboy.n.01
dragon,dragon.n.01
pizza_crust,NF
flame,fire.n.03
hilltop,hilltop.n.01
panda,giant_panda.n.01
stapler,stapler.n.01
eggplant,eggplant.n.01
bottle_cap,NF
dining_room,dining_room.n.01
chili,chili.n.01
desk_lamp,NF
bedding,bedclothes.n.01
pouch,pouch.n.01
receipt,reception.n.04
wheelchair,wheelchair.n.01
peanut,peanut.n.01
puppy,puppy.n.01
projector,projector.n.01
teddy_bears,teddy.n.01
tattoo,tattoo.n.01
ketchup_bottle,catsup_bottle.n.01
spray_bottle,NF
owl,owl.n.01
cooking_utensils,cooking_utensil.n.01
ostrich,ostrich.n.01
tortilla,tortilla.n.01
turkey,turkey.n.01
hotel_room,hotel_room.n.01
chalkboard,blackboard.n.01
marina,marina.n.01
sword,sword.n.01
knife_block,NF
money,money.n.01
raincoat,raincoat.n.01
waterfall,waterfall.n.01
penguin,penguin.n.01
beach_umbrella,NF
school_bus,school_bus.n.01
pizza_cutter,NF
toaster_oven,toaster_oven.n.01
eagle,eagle.n.01
video_camera,NF
serving_tray,NF
bath_towel,bath_towel.n.01
cafe,cafe.n.01
kiosk,booth.n.02
yogurt,yogurt.n.01
macaroni,macaroni.n.01
banana_peel,banana_peel.n.01
food_truck,NF
seal,sealing_wax.n.01
soccer_player,soccer_player.n.01
christmas_lights,NF
electric_toothbrush,electric_toothbrush.n.01
employee,employee.n.01
coin,coin.n.01
almond,almond.n.01
gentleman,gentleman.n.01
rib,rib.n.01
shampoo,shampoo.n.01
beet,beet.n.01
village,village.n.01
bunny,bunny.n.01
christmas_light,NF
hangar,airdock.n.01
donkey,donkey.n.01
tennis_balls,tennis_ball.n.01
shoe_laces,shoelace.n.01
alcohol,alcohol.n.01
skillet,frying_pan.n.01
jewelry,jewelry.n.01
calculator,calculator.n.01
soap_bottle,NF
honey,honey.n.01
backyard,backyard.n.01
underwear,underwear.n.01
computer_desk,NF
fruit_stand,NF
parrot,parrot.n.01
garment,garment.n.01
cell_phones,cell_phone.v.01
hair_dryer,hand_blower.n.01
gown,gown.n.01
aquarium,aquarium.n.01
washing_machine,washer.n.03
medicine_cabinet,medicine_chest.n.01
cash_register,cash_register.n.01
waste_basket,wastepaper_basket.n.01
router,router.n.01
museum,museum.n.01
instrument,instrument.n.01
restroom,public_toilet.n.01
peanut_butter,peanut_butter.n.01
earphone,earphone.n.01
video_games,computer_game.n.01
pizza_box,NF
mashed_potatoes,NF
dish_soap,NF
bug,bug.n.01
cranberry,cranberry.n.01
gift,gift.n.01
vending_machine,vending_machine.n.01
sushi,sushi.n.01
tiger,tiger.n.01
pig,hog.n.03
grapefruit,grapefruit.n.01
walnut,walnut.n.01
gas_pump,gas_pump.n.01
helicopter,helicopter.n.01
diaper,diaper.n.01
sconce,sconce.n.01
ambulance,ambulance.n.01
snow_boots,NF
tofu,bean_curd.n.01
chinese_food,NF
fishing_pole,fishing_rod.n.01
frog,frog.n.01
storage_box,NF
classroom,classroom.n.01
football,football.n.01
toy_car,NF
vendor,seller.n.01
father,father.n.01
obstacle,obstacle.n.01
hurdle,hurdle.n.01
feta_cheese,NF
alligator,alligator.n.01
hand_soap,NF
potato_chips,chip.n.04
pomegranate,pomegranate.n.01
visitor,visitor.n.01
onion_ring,NF
papaya,papaya.n.01
seat_belt,seat_belt.n.01
dolphin,dolphinfish.n.02
shark,shark.n.01
bird_cage,NF
cheese_cube,NF
shopper,shopper.n.01
mountain_peak,mountain_peak.n.01
merchandise,merchandise.n.01
engineer,engineer.n.01
plantain,plantain.n.01
shampoo_bottle,NF
lego,lego.n.01
stuffed_dog,NF
water_bottles,water_bottle.n.01
mountain_side,NF
nest,nest.n.01
hammer,hammer.n.01
coffee_bean,coffee_bean.n.01
pretzel,pretzel.n.01
rabbit,rabbit.n.01
artichoke,artichoke.n.01
omelette,omelet.n.01
coleslaw,coleslaw.n.01
rubber_duck,NF
salmon,salmon.n.01
milk_carton,NF
rhino,rhinoceros.n.01
remote_controls,remote_control.n.01
grinder,bomber.n.03
wig,wig.n.01
appetizer,appetizer.n.01
sugar_packets,NF
ice_maker,ice_maker.n.01
waffle,waffle.n.01
oak_tree,oak.n.02
temple,temple.n.01
mall,promenade.n.02
cathedral,cathedral.n.01
bell_tower,bell_tower.n.01
bison,bison.n.01
spear,spear.n.01
whisk,whisk.n.01
library,library.n.01
cheesecake,cheesecake.n.01
egg_yolk,egg_yolk.n.01
sour_cream,sour_cream.n.01
horse_hoof,NF
mayonnaise,mayonnaise.n.01
scrub_brush,scrub_brush.n.01
olive_oil,olive_oil.n.01
broth,broth.n.01
elevator,elevator.n.01
guacamole,guacamole.n.01
rolling_pin,rolling_pin.n.01
parent,parent.n.01
grater,grater.n.01
factory,factory.n.01
liquor,liquor.n.01
toothpick,toothpick.n.01
lobster,lobster.n.01
baking_sheet,NF
marshmallow,marshmallow.n.01
microwave_oven,microwave.n.02
ingredient,ingredient.n.01
beer_can,beer_can.n.01
hippo,hippo.n.01
vacuum,vacuum.n.01
cereal_box,cereal_box.n.01
sweet_potato,sweet_potato.n.01
chef_hat,NF
cigar,cigar.n.01
baked_goods,baked_goods.n.01
alien,foreigner.n.01
spider,spider.n.01
hard_drive,disk_drive.n.01
ice_cubes,ice_cube.n.01
egg_shell,NF
shopping_cart,shopping_cart.n.01
plier,plier.n.01
burrito,burrito.n.01
mixing_bowl,mixing_bowl.n.01
cooking_pot,NF
hair_clip,NF
panda_bear,giant_panda.n.01
eiffel_tower,eiffel_tower.n.01
cinnamon_roll,cinnamon_roll.n.01
octopus,octopus.n.01
paper_container,NF
cat_food,cat_food.n.01
snake,snake.n.01
mickey_mouse,mickey_mouse.n.01
salad_dressing,dressing.n.01
pizza_pan,NF
soda_cans,soda_can.n.01
mustard_bottle,NF
ramekin,ramekin.n.01
camel,camel.n.01
meatball,meatball.n.01
accessory,accessory.n.01
thermometer,thermometer.n.01
onion_rings,NF
spray_can,aerosol.n.02
paper_dispenser,NF
cream_cheese,cream_cheese.n.01
kitchen_towel,NF
paint_brush,NF
ear_buds,NF
toolbox,toolbox.n.01
piercing,pierce.v.01
squirrel,squirrel.n.01
can_opener,can_opener.n.01
loaf,loaf_of_bread.n.01
pizza_tray,NF
pizza_slices,NF
desktop_computer,desktop_computer.n.01
pantry,pantry.n.01
bakery,bakery.n.01
tuna,tuna.n.01
dumpling,dumpling.n.01
dish_drainer,NF
seafood,seafood.n.01
baking_pan,NF
auditorium,auditorium.n.01
parmesan_cheese,NF
orchid,orchid.n.01
blackberry,blackberry.n.01
lily,lily.n.01
trumpet,cornet.n.01
wii_game,NF
picnic_tables,NF
turtle,turtleneck.n.01
sticky_notes,NF
daughter,daughter.n.01
pocket_watch,pocket_watch.n.01
hospital,hospital.n.01
dream_catcher,NF
bread_box,NF
pecan,pecan.n.01
baker,baker.n.01
peacock,peacock.n.01
dry-erase_board,NF
ice_cube,ice_cube.n.01
food_processor,food_processor.n.01
lounge,sofa.n.01
action_figure,NF
snow_shoes,NF
hotdog_bun,frankfurter_bun.n.01
bartender,bartender.n.01
champagne,champagne.n.01
cooking_utensil,cooking_utensil.n.01
gadget,appliance.n.01
rice_cooker,NF
wedding,wedding.n.01
chess_piece,chessman.n.01
stew,fret.n.01
banana_bunches,NF
pork,pork.n.01
monster,monster.n.01
popcorn,popcorn.n.01
milkshake,milkshake.n.01
pasta_salad,pasta_salad.n.01
palace,palace.n.01
lemonade,lemonade.n.01
cotton_candy,cotton_candy.n.01
bomb,bomb.n.01
napkin_dispenser,NF
crab,crab.n.01
shaving_cream,shaving_cream.n.01
snow_flakes,NF
rifle,rifle.n.01
coffee_cups,coffee_cup.n.01
cake_stand,NF
fisherman,fisherman.n.01
shuttle,shuttlecock.n.01
cheetah,cheetah.n.01
picnic,field_day.n.04
swimmer,swimmer.n.01
flatbread,flatbread.n.01
angry_bird,NF
pill,pill.n.01
chickpea,chickpea.n.01
sweet_potatoes,NF
cotton_dessert,NF
cookie_jar,cookie_jar.n.01
gorilla,gorilla.n.01
stir_fry,stir_fry.v.01
caramel,caramel.n.01
towel_dispenser,NF
baked_good,NF
son,son.n.01
pizza_oven,NF
bee,bee.n.01
gummy_bear,NF
farmer,farmer.n.01
cookie_dough,NF
wolf,wolf.n.01
moose,elk.n.01
casserole,casserole.n.01
pesto,pesto.n.01
chocolate_chips,NF
waiter,waiter.n.01
utensil_holder,NF
cinnamon,cinnamon.n.01
beer_cans,beer_can.n.01
coffee_beans,coffee_bean.n.01
poodle,poodle.n.01
office_supplies,NF
shopping_center,plaza.n.02
theater,theater.n.01
soft_drink,soft_drink.n.01
egg_roll,egg_roll.n.01
hand_dryer,NF
orchard,grove.n.02
potato_salad,potato_salad.n.01
chicken_breast,pigeon_breast.n.01
robot,automaton.n.02
lobby,anteroom.n.01
bar_stools,NF
life_jackets,life_jacket.n.01
gym,gymnasium.n.02
riding_boots,riding_boot.n.01
roast_beef,beef_roast.n.01
grocery,grocery_store.n.01
bird_house,NF
hairbrush,hairbrush.n.01
cake_pan,NF
cemetery,cemetery.n.01
elmo,NF
lizard,lizard.n.01
baseball_bats,baseball_bat.n.01
cheeseburger,cheeseburger.n.01
pizza_pie,pizza.n.01
food_container,NF
cookbook,cookbook.n.01
dog_food,dog_food.n.01
cafeteria,cafeteria.n.01
school,school.n.01
taco,greaser.n.01
anchovy,anchovy.n.01
mint,batch.n.02
attic,loft.n.02
waitress,waitress.n.01
buffet,buffet.n.01
armor,armor.n.01
whale,giant.n.04
granola,granola.n.01
pub,public_house.n.01
egg_white,egg_white.n.01
soap_dispensers,soap_dispenser.n.01
coral,coral.n.01
beetle,beetle.n.01
french_toast,french_toast.n.01
smoothie,smoothie.n.01
oatmeal,oatmeal.n.01
hummus,hummus.n.01
pizza_boxes,NF
vinegar,vinegar.n.01
pita,pita.n.01
swamp,swamp.n.01
sugar_packet,NF
kimono,kimono.n.01
weapon,weapon.n.01
vanilla,vanilla.n.01
snow_shoe,NF
oreo,oreo.n.01
amusement_park,amusement_park.n.01
fudge,fudge.n.01
ginger,ginger.n.01
coffee_shop,cafe.n.01
wii_controllers,NF
leopard,leopard.n.01
egg_carton,NF
performer,performer.n.01
nutella,NF
wardrobe,wardrobe.n.01
lab_coat,lab_coat.n.01
ice-cream_cone,ice-cream_cone.n.01
salon,salon.n.01
pistachio,pistachio.n.01
cappuccino,cappuccino.n.01
dragonfly,dragonfly.n.01
wok,wok.n.01
mexican_food,NF
juice_box,NF
gourd,gourd.n.01
boar,wild_boar.n.01
supermarket,supermarket.n.01
guest,guest.n.01
stuffed_bears,NF
pudding,pudding.n.01
entree,entree.n.01
xbox_controller,NF
lunch_box,NF
kangaroo,kangaroo.n.01
hibiscus,hibiscus.n.01
pizza_shop,pizzeria.n.01
beer_mug,beer_mug.n.01
snail,snail.n.01
snoopy,snoopy.n.01
serving_dish,serving_dish.n.01
soccer_balls,soccer_ball.n.01
ravioli,ravioli.n.01
bread_loaf,NF
vitamin,vitamin.n.01
cooking_oil,cooking_oil.n.01
citrus,citrus.n.01
food_trucks,NF
lavender,lavender.n.01
nightstands,NF
sporting_equipment,NF
pikachu,NF
mouse,mouse.n.01
dvd_players,NF
fire_trucks,fire_engine.n.01
panda_bears,giant_panda.n.01
right,right.n.01
left,left.n.01
Are,are.n.01
image,image.n.01
color,color.n.01
photo,photograph.n.01
side,side.n.01
look,expression.n.01
furniture,furniture.n.01
top,top.n.01
bottom,bottom.n.01
scene,scene.n.01
front,front.n.01
photograph,photograph.n.01
wood,wood.n.01
kind,kind.n.01
part,part.n.01
blue,blue.n.01
piece,piece.n.01
metal,metallic_element.n.01
type,type.n.01
outdoors,outdoors.n.01
tennis,tennis.n.01
traffic,traffic.n.01
light,light.n.01
hydrant,water_faucet.n.01
item,item.n.01
middle,center.n.01
brown,brown.n.01
Which,NF
clothing,clothing.n.01
silver,silver.n.01
plastic,plastic.n.01
size,size.n.01
indoors,inside.r.01
trouser,trouser.n.01
cell,cell.n.01
control,control.n.01
kid,child.n.01
cloudy,cloudy.s.01
round,round.n.01
plane,airplane.n.01
pad,pad.n.01
center,center.n.01
TV,television.n.01
motorbike,minibike.n.01
board,board.n.01
place,topographic_point.n.01
name,name.n.01
material,material.n.01
gray,gray.n.01
blond,blond.n.01
SUV,sport_utility.n.01
telephone,telephone.n.01
green,green.n.01
weather,weather.n.01
fridge,electric_refrigerator.n.01
freezer,deep-freeze.n.01
dark,dark.n.01
shaker,shaker.n.01
pine,pine.n.01
garbage,garbage.n.01
watercraft,watercraft.n.01
remote,remote_control.n.01
pink,pink.n.01
palm,palm.n.01
bin,bin.n.01
cooking,cooking.n.01
gold,gold.n.01
cellphone,cellular_telephone.n.01
Wii,NF
length,length.n.01
safety,safety.n.01
wooden,wooden.s.01
tall,tall.n.01
meter,meter.n.01
slice,slice.n.01
tap,pat.n.01
steel,steel.n.01
purple,purple.n.01
metallic,metallic.n.01
soccer,soccer.n.01
tan,tan.n.01
bulb,bulb.n.01
yellow,yellow.n.01
cab,cab.n.01
parking,parking.n.01
leather,leather.n.01
shape,shape.n.01
stop,stop.n.01
end,end.n.01
wearing,erosion.n.01
life,life.n.01
square,square.n.01
necktie,necktie.n.01
cube,cube.n.01
surf,surf.n.01
maker,maker.n.01
veggie,vegetable.n.01
wet,moisture.n.01
shopping,shopping.n.01
doughnut,ring.n.02
Was,washington.n.02
appear,look.v.02
tank,tank.n.01
extinguisher,fire_extinguisher.n.01
CDs,cadmium.n.01
dirty,dirty.v.01
stand,base.n.08
stuffed,stuff.v.01
knee,knee.n.01
pattern,form.n.03
walk,walk.n.01
signal,signal.n.01
gender,gender.n.01
adult,adult.n.01
tub,bathtub.n.01
object,object.n.01
wear,wear.n.01
lot,batch.n.02
DVD,videodisk.n.01
alarm,alarm.n.01
shrub,shrub.n.01
tshirt,NF
concrete,concrete.n.01
placemats,NF
cloudless,cloudless.s.01
tee,tee.n.01
mousepad,mousepad.n.01
made,make.v.01
standing,standing.n.01
thick,midst.n.01
bar,barroom.n.01
height,height.n.01
cardboard,cardboard.n.01
porcelain,porcelain.n.01
cement,cement.n.01
entertainment,entertainment.n.01
bath,bath.n.01
stool,stool.n.01
block,block.n.01
cash,cash.n.01
register,register.n.01
living,life.n.02
specie,coinage.n.01
drapery,curtain.n.01
stainless,stainless_steel.n.01
trashcan,NF
calm,composure.n.01
band,set.n.05
bare,bare.v.01
walking,walk.n.01
thing,thing.n.01
clip,cartridge_holder.n.01
track,path.n.04
waste,waste.n.01
drainers,NF
spray,spray.n.01
today,today.n.01
washer,washer.n.01
wineglass,wineglass.n.01
TVs,television.n.01
beige,beige.n.01
maroon,maroon.n.01
visible,visible.a.01
chess,chess.n.01
wetsuits,NF
dream,dream.n.01
iron,iron.n.01
playing,playing.n.01
police,police.n.01
dining,dining.n.01
oar,oar.n.01
conditioner,conditioner.n.01
engine,engine.n.01
overcast,cloudiness.n.01
rectangular,rectangular.s.01
brunette,brunet.n.01
grassy,grassy.a.01
seem,look.v.02
snowy,white.s.04
gas,gas.n.01
colorful,colorful.a.01
sit,sit.v.01
wicker,wicker.n.01
sunny,cheery.s.01
marble,marble.n.01
cover,screen.n.04
observable,discernible.s.03
clean,clean_and_jerk.n.01
tone,tone.n.01
bikers,rockers.n.01
quilt,quilt.n.01
leafy,leafy.a.01
holding,retention.n.01
cobblestone,cobble.n.01
pier,pier.n.01
lying,lying.n.01
rubber,rubber.n.01
license,license.n.01
bright,bright.a.01
sandy,flaxen.s.01
eating,eating.n.01
folding,protein_folding.n.01
dry,dry.n.01
granite,granite.n.01
ripe,ripe.a.01
male,male.n.01
article,article.n.01
eyeglass,monocle.n.01
motorcyclist,motorcyclist.n.01
drive,drive.n.01
Xbox,NF
CD,cadmium.n.01
sad,sad.a.01
video,video.n.01
scrub,scrub.n.01
hang,bent.n.04
shade,shade.n.01
polo,polo.n.01
rainy,showery.s.01
bicyclist,cyclist.n.01
vintage,vintage.n.01
stormy,stormy.a.01
jumping,jumping.n.01
beautiful,beautiful.a.01
mesh,mesh.n.01
murky,cloudy.s.03
tv,television.n.01
hardwood,hardwood.n.01
empty,empty.n.01
pool,pool.n.01
sleeveless,sleeveless.a.01
chrome,chrome.n.01
hotdog,hotdog.n.01
case,case.n.01
antique,old-timer.n.02
sits,sit.v.01
spread,spread.n.01
flop,floating-point_operation.n.01
flip,somersault.n.01
switch,switch.n.01
gull,chump.n.01
foggy,dazed.s.02
showing,screening.n.01
power,power.n.01
condition,condition.n.01
elbow,elbow.n.01
rocky,rocky.s.01
wavy,wavy.s.01
fat,fat.n.01
drinking,drinking.n.01
lace,lace.n.01
aluminum,aluminum.n.01
asphalt,asphalt.n.01
Nike,nike.n.01
kayak,kayak.n.01
female,female.n.01
behind,buttocks.n.01
dry-erase,NF
riding,riding.n.01
back,back.n.01
Adidas,NF
action,action.n.01
thin,thin.v.01
hold,clasp.n.02
skiing,skiing.n.01
contain,incorporate.v.02
rough,rough.n.01
skinny,skinny.n.01
chop,chop.n.01
watching,observation.n.02
good,good.n.01
lush,alcoholic.n.01
copper,copper.n.01
cutting,film_editing.n.01
ride,drive.n.08
sitting,sitting.n.01
line,line.n.01
Styrofoam,styrofoam.n.01
breast,breast.n.01
hippoes,NF
driving,drive.n.06
medicine,medicine.n.01
vending,vending.n.01
reading,reading.n.01
cotton,cotton.n.01
clay,clay.n.01
sleeved,sleeved.a.01
Asian,asian.n.01
surfing,surfing.n.01
streetlight,streetlight.n.01
burritoes,NF
serving,helping.n.01
mom,ma.n.01
triangular,triangular.s.01
edge,edge.n.01
wreath,wreath.n.01
bending,bending.n.01
hanging,hanging.n.01
Cola,cola.n.01
narrow,narrow.n.01
teddy,teddy.n.01
have,rich_person.n.01
denim,jean.n.01
flavor,spirit.n.02
Coke,coke.n.01
represent,represent.v.01
skate,skate.n.01
teal,bluish_green.n.01
lie,lie.n.01
carrying,transport.v.02
tacoes,NF
resting,rest.v.01
trick,trick.n.01
dense,dense.s.01
drainer,NF
fixture,fixture.n.01
condiment,condiment.n.01
Pikachu,NF
lift,lift.n.01
swimming,swimming.n.01
skateboarding,skateboarding.n.01
lit,literature.n.02
decker,dekker.n.01
inside,inside.n.01
bud,bud.n.01
desktop,desktop.n.01
tin,tin.n.01
brass,brass.n.01
sparse,sparse.s.01
rainbow,rainbow.n.01
shallow,shoal.n.02
Coca,erythroxylon_coca.n.01
day,day.n.01
blonde,blond.n.01
coca-cola,NF
ice-cream,NF
snowpants,NF
bald,bald.v.01
unripe,green.a.03
American,american.n.01
weight,weight.n.01
sleeping,sleeping.n.01
width,width.n.01
striped,stripe.v.01
posing,sitting.n.01
leafless,leafless.a.01
crocodile,crocodile.n.01
Caucasian,white.n.01
crouching,crouch.v.01
beside,NF
avocadoes,NF
DVDs,videodisk.n.01
work,work.n.01
nike,nike.n.01
rotten,icky.s.01
cutter,stonecutter.n.01
smooth,smooth.n.01
powerlines,NF
bathing,bathing.n.01
beneath,below.r.01
shut,close.v.01
litter,litter.n.01
meeting,meeting.n.01
furry,furred.s.01
holder,holder.n.01
running,run.n.05
bushy,bushy.s.01
mitt,hand.n.01
logoes,NF
pianoes,NF
staring,gaze.v.01
company,company.n.01
powerline,NF
dad,dad.n.01
barefoot,barefoot.s.01
talk,talk.n.01
depth,depth.n.01
cut,cut.n.01
pulling,pull.n.01
swing,swing.n.01
crystal,crystal.n.01
lean,tilt.n.04
khaki,khaki.n.01
tiny,bantam.s.01
sweet,sweet.n.01
seasoning,flavorer.n.01
carry,carry.n.01
venue,venue.n.01
art,art.n.01
Pokemon,NF
bronze,bronze.n.01
roast,roast.n.01
giant,giant.n.01
skating,skating.n.01
ceramic,ceramic.n.01
jump,jump.n.01
washing,wash.n.02
swim,swimming.n.01
stir,stir.n.01
skatepark,NF
straight,heterosexual.n.01
choppy,choppy.s.01
movie,movie.n.01
contains,incorporate.v.02
lab,lab.n.01
eat,eat.v.01
mobile,mobile.n.01
processor,processor.n.01
red,red.n.01
silk,silk.n.01
note,note.n.01
feeding,eating.n.01
play,play.n.01
fresh,fresh.a.01
styrofoam,styrofoam.n.01
panel,panel.n.01
hitting,hit.n.02
adidas,NF
rest,remainder.n.01
Mickey,paddy.n.01
shirtless,NF
deep,deep.n.01
modern,modern.n.01
fly,fly.n.01
catching,catching.n.01
manhole,manhole.n.01
eats,chow.n.02
preserver,refinisher.n.01
bamboo,bamboo.n.01
touching,touch.n.01
moustache,mustache.n.01
pin,pin.n.01
mixing,mix.n.03
pointing,indicate.v.02
brief,brief.n.01
immature,immature.a.01
Elmo,NF
direction,direction.n.01
opener,opener.n.01
grazing,graze.n.02
Did,make.v.01
float,float.n.01
raw,raw.n.01
group,group.n.01
smoothy,smoothie.n.01
background,background.n.01
wiis,NF
snowboarding,snowboarding.n.01
elmoes,NF
waiting,wait.n.02
point,point.n.01
touch,touch.n.01
heavy,heavy.n.01
oval,ellipse.n.01
open,open.n.01
wild,wild.n.01
chasing,chase.v.01
peel,peel.n.01
foam,foam.n.01
surround,environment.n.02
mature,mature.v.01
Lego,lego.n.01
stuck,lodge.v.02
steering,guidance.n.02
legoes,NF
cleaner,cleansing_agent.n.01
ethnicity,ethnicity.n.01
leaning,leaning.n.01
fluffy,downy.s.01
balding,bald.v.01
gummy,gluey.s.01
Parmesan,parmesan.n.01
dull,dull.v.01
selling,selling.n.01
fuzzy,fuzzed.s.01
throwing,throw.v.01
opening,opening.n.01
Christmas,christmas.n.01
underneath,underneath.r.01
low,low.n.01
cooked,cook.v.01
race,race.n.01
preparing,fix.v.12
opaque,opaque.a.01
pull,pull.n.01
blurry,bleary.s.02
baking,baking.n.01
parked,park.v.01
catch,catch.n.01
utility,utility.n.01
facing,facing.n.01
covering,covering.n.01
bent,bent.n.01
satellite,satellite.n.01
hoof,hoof.n.01
miniature,miniature.n.01
coarse,coarse.a.01
smile,smile.n.01
octagonal,octangular.a.01
fake,fake.n.01
curved,swerve.v.01
yolk,egg_yolk.n.01
tabby,tabby.n.01
burnt,burn.v.01
chewing,chew.n.02
graz,graz.n.01
stack,stack.n.01
balance,balance.n.01
exit,exit.n.01
making,devising.n.01
homemade,homemade.a.01
run,run.n.01
throw,throw.n.01
puffy,bouffant.s.01
petting,caressing.n.01
woven,weave.v.01
muddy,muddy.v.01
ornate,flowery.s.02
wait,delay.n.01
chase,pursuit.n.01
texture,texture.n.01
biting,bite.v.01
graze,graze.n.01
down,down.n.01
grabbing,catch.v.04
fast,fast.n.01
observing,detect.v.01
reach,range.n.02
chopped,chop.v.01
grow,turn.v.07
birthday,birthday.n.01
carton,carton.n.01
price,monetary_value.n.01
covered,cover.v.01
off,murder.v.01
mashed,squash.v.01
rippling,ripple.n.01
try,attempt.n.01
leading,lead.n.14
turned-off,NF
multi,NF
flying,flight.n.02
herding,herd.v.01
wireless,radio.n.01
sheer,swerve.v.01
bronwy,NF
reaching,reach.n.03
come,semen.n.01
sleepy,sleepy.s.01
unhealthy,unhealthy.a.01
bite,bite.n.01
licking,defeat.n.01
worn,wear.v.01
hard,difficult.a.01
calico,calico.n.01
barren,barren.n.01
plaid,tartan.n.01
Does,department_of_energy.n.01
misty,brumous.s.01
guide,usher.n.03
soft,soft.a.01
long,hanker.v.01
lead,lead.n.01
transparent,crystalline.s.03
turquoise,turquoise.n.01
high,high.n.01
guiding,steer.v.01
wading,wading.n.01
kneeling,kneel.n.01
cricket,cricket.n.01
hairy,hairy.a.01
boarding,boarding.n.01
climb,ascent.n.01
enclosing,enclosure.n.02
cleaning,cleaning.n.01
abundant,abundant.a.01
pet,pet.n.01
basketball,basketball.n.01
storage,storage.n.01
wave,wave.n.01
string,string.n.01
eraser,eraser.n.01
up,up.v.01
colored,colored_person.n.01
floating,floating.n.01
burgundy,bourgogne.n.01
downwards,down.r.01
sniffing,sniff.v.01
pokemons,NF
approaching,approach.n.05
comfortable,comfortable.a.01
tying,tying.n.01
music,music.n.01
shadowed,shadow.v.01
hugging,caressing.n.01
crooked,crook.v.01
following,following.n.01
sleep,sleep.n.01
curly,curly.a.01
rusty,rusty.s.01
pointy,NF
grouped,group.v.01
pretty,pretty.s.01
hung,hang.v.01
alert,alert.n.01
working,working.n.01
glowing,radiance.n.01
pikachus,NF
shadow,shadow.n.01
torn,tear.v.01
leaving,departure.n.01
broken,interrupt.v.04
shaggy,bushy.s.01
chubby,chubby.s.01
towards,NF
diced,cube.v.02
climbing,climb.n.02
stacked,stack.v.01
taller,tall.a.01
horizontal,horizontal.n.01
octopodes,NF
crusty,crusted.s.01
tossing,flip.v.06
eaten,eat.v.01
handmade,handmade.a.01
onto,NF
balancing,reconciliation.n.02
plush,plush.n.01
read,read.n.01
rolling,peal.n.01
growing,growth.n.01
crispy,crisp.s.02
fried,fry.v.01
polar,polar.s.01
patchy,patchy.s.01
surrounding,surround.v.01
Into,NF
piled,stack.v.02
checkered,check.v.16
upwards,up.r.01
commercial,commercial.n.01
frying,frying.n.01
winter,winter.n.01
outdoor,outdoor.a.01
spinning,spinning.n.01
topped,exceed.v.02
hit,hit.n.01
batting,batting.n.01
breaking,breakage.n.03
half,one-half.n.01
wash,wash.n.01
sturdy,hardy.s.01
blow,blow.n.01
little,little.n.01
toss,flip.n.04
pouring,pour.v.01
smiling,smile.n.01
vertical,vertical.n.01
dried,dry.v.01
below,below.r.01
serve,serve.n.01
analog,analogue.n.01
barbed,barb.v.01
waving,wave.n.05
roman,roman.n.01
glazed,glaze.v.01
messy,messy.s.01
fancy,illusion.n.02
curvy,curvy.s.01
wrinkly,wrinkled.a.01
smelling,smell.n.05
do,bash.n.02
kicking,kick.n.06
